image1_x,image1_y,image2_x,image2_y
0.047332170497840,0.098743492116789,0.131772263347208,0.171135555187409
0.085514202010344,-0.096188627640565,0.182854579236260,0.016545739973527
-0.415928704730613,-0.152819434094473,-0.198720276392024,-0.098609074859817
-0.213853010411674,0.020977508039515,-0.093839965158598,0.078388990921486
-0.203500452835147,-0.130496300238251,0.081023229828338,-0.069245904945516
-0.433971520646794,-0.293489969510438,-0.181886179163260,-0.210321589849444
-0.118269818249868,-0.240019437788003,0.018122174401944,-0.121097056967930
0.255899311433915,-0.104868565376035,0.343096392336274,0.021891837214017